{"CS": ["Root"], "Medical": ["Root"], "Civil": ["Root"], "ECE": ["Root"], "biochemistry": ["Root"], "MAE": ["Root"], "Psychology": ["Root"], "Symbolic computation": ["CS"], "Computer vision": ["CS"], "Computer graphics": ["CS"], "Operating systems": ["CS"], "Machine learning": ["CS"], "Data structures": ["CS"], "network security": ["CS"], "Image processing": ["CS"], "Parallel computing": ["CS"], "Distributed computing": ["CS"], "Algorithm design": ["CS"], "Computer programming": ["CS"], "Relational databases": ["CS"], "Software engineering": ["CS"], "Bioinformatics": ["CS"], "Cryptography": ["CS"], "Structured Storage": ["CS"], "Alzheimer's Disease": ["Medical"], "Parkinson's Disease": ["Medical"], "Sprains and Strains": ["Medical"], "Cancer": ["Medical"], "Sports Injuries": ["Medical"], "Senior Health": ["Medical"], "Multiple Sclerosis": ["Medical"], "Hepatitis C": ["Medical"], "Weight Loss": ["Medical"], "Low Testosterone": ["Medical"], "Fungal Infection": ["Medical"], "Diabetes": ["Medical"], "Parenting": ["Medical"], "Birth Control": ["Medical"], "Heart Disease": ["Medical"], "Allergies": ["Medical"], "Menopause": ["Medical"], "Emergency Contraception": ["Medical"], "Skin Care": ["Medical"], "Myelofibrosis": ["Medical"], "Hypothyroidism": ["Medical"], "Headache": ["Medical"], "Overactive Bladder": ["Medical"], "Irritable Bowel Syndrome": ["Medical"], "Polycythemia Vera": ["Medical"], "Atrial Fibrillation": ["Medical"], "Smoking Cessation": ["Medical"], "Lymphoma": ["Medical"], "Asthma": ["Medical"], "Bipolar Disorder": ["Medical"], "Crohn's Disease": ["Medical"], "Idiopathic Pulmonary Fibrosis": ["Medical"], "Mental Health": ["Medical"], "Dementia": ["Medical"], "Rheumatoid Arthritis": ["Medical"], "Osteoporosis": ["Medical"], "Medicare": ["Medical"], "Psoriatic Arthritis": ["Medical"], "Addiction": ["Medical"], "Atopic Dermatitis": ["Medical"], "Digestive Health": ["Medical"], "Healthy Sleep": ["Medical"], "Anxiety": ["Medical"], "Psoriasis": ["Medical"], "Ankylosing Spondylitis": ["Medical"], "Children's Health": ["Medical"], "Stress Management": ["Medical"], "HIV/AIDS": ["Medical"], "Migraine": ["Medical"], "Osteoarthritis": ["Medical"], "Hereditary Angioedema": ["Medical"], "Kidney Health": ["Medical"], "Autism": ["Medical"], "Green Building": ["Civil"], "Water Pollution": ["Civil"], "Smart Material": ["Civil"], "Ambient Intelligence": ["Civil"], "Construction Management": ["Civil"], "Suspension Bridge": ["Civil"], "Geotextile": ["Civil"], "Stealth Technology": ["Civil"], "Solar Energy": ["Civil"], "Remote Sensing": ["Civil"], "Rainwater Harvesting": ["Civil"], "Electric motor": ["ECE"], "Digital control": ["ECE"], "Microcontroller": ["ECE"], "Electrical network": ["ECE"], "Electrical generator": ["ECE"], "Electricity": ["ECE"], "Operational amplifier": ["ECE"], "Analog signal processing": ["ECE"], "State space representation": ["ECE"], "Signal-flow graph": ["ECE"], "Electrical circuits": ["ECE"], "Lorentz force law": ["ECE"], "System identification": ["ECE"], "PID controller": ["ECE"], "Voltage law": ["ECE"], "Control engineering": ["ECE"], "Molecular biology": ["biochemistry"], "Enzymology": ["biochemistry"], "Southern blotting": ["biochemistry"], "Northern blotting": ["biochemistry"], "Human Metabolism": ["biochemistry"], "Polymerase chain reaction": ["biochemistry"], "Immunology": ["biochemistry"], "Genetics": ["biochemistry"], "Cell biology": ["biochemistry"], "Fluid mechanics": ["MAE"], "Hydraulics": ["MAE"], "computer-aided design": ["MAE"], "Manufacturing engineering": ["MAE"], "Machine design": ["MAE"], "Thermodynamics": ["MAE"], "Materials Engineering": ["MAE"], "Strength of materials": ["MAE"], "Internal combustion engine": ["MAE"], "Prenatal development": ["Psychology"], "Attention": ["Psychology"], "Eating disorders": ["Psychology"], "Borderline personality disorder": ["Psychology"], "Prosocial behavior": ["Psychology"], "False memories": ["Psychology"], "Problem-solving": ["Psychology"], "Prejudice": ["Psychology"], "Antisocial personality disorder": ["Psychology"], "Nonverbal communication": ["Psychology"], "Leadership": ["Psychology"], "Child abuse": ["Psychology"], "Gender roles": ["Psychology"], "Depression": ["Psychology"], "Social cognition": ["Psychology"], "Seasonal affective disorder": ["Psychology"], "Person perception": ["Psychology"], "Media violence": ["Psychology"], "Schizophrenia": ["Psychology"]}